{
  "coffee" : {
    "K001" : {
      "Aroma 1" : "Flowery",
      "Aroma 2" : "Sitrous",
      "Brand" : "Stockfleths",
      "BrandImageURL" : "https://scontent.fosl1-1.fna.fbcdn.net/v/t1.0-9/43033952_10160968599250437_441573593520799744_n.jpg?_nc_cat=100&_nc_ht=scontent.fosl1-1.fna&oh=4049a312db0c83f0fbdc5d42999c33b6&oe=5D462E0D",
      "Continent" : "Africa",
      "Country" : "Ethiopia",
      "Description" : "Kaffegården Suke Quto ligger i et kupert område med både høye fjell, daler og flat mark sentralt sør i Etiopia. Jorden her er vulkansk, og meget næringsrik. Gården Suke Quto i Etiopia drives etter miljøvennlige prinsipper og er økologisk.Det som er unikt med denne kaffen, er at den kan spores helt tilbake til grosted, noe som ikke er så normalt for kaffe fra Etiopia. Suke Quto er en av våre bestselgere og en meget populær kaffe blant både kaffentusiaster og folk som er nye på spesialkaffe. Prøv den på aeropress eller V60.",
      "ImageURL" : "https://stockfleths.as/wp-content/uploads/2017/07/Suke-Quto_svart-kaffe_2019-768x1059.jpg",
      "Name" : "Suke Quto",
      "Price" : 105,
      "Top Picks" : "True",
      "Weight" : "250g"
    },
    "K002" : {
      "Aroma 1" : "Almond",
      "Aroma 2" : "Apricot",
      "Brand" : "Stockfleths",
      "BrandImageURL" : "https://scontent.fosl1-1.fna.fbcdn.net/v/t1.0-9/43033952_10160968599250437_441573593520799744_n.jpg?_nc_cat=100&_nc_ht=scontent.fosl1-1.fna&oh=4049a312db0c83f0fbdc5d42999c33b6&oe=5D462E0D",
      "Continent" : "South America",
      "Country" : "El Salvador",
      "Description" : "Denne kaffen kommer fra gården San Gabriel som ligger i fjellene ved landsbyen Santa Ana i El Salvador. Klimaet og jordsmonnet her er ideelt for dyrking av kvalitetskaffe. Kaffebonden er også opptatt av å ta vare på naturen, og har bevart noe av den naturlige skogen som gror sammen med kaffebuskene. Trærne fungere som skyggetrær.",
      "ImageURL" : "https://stockfleths.as/wp-content/uploads/2018/11/San-Gabriel_2019-768x1059.jpg",
      "Name" : "San Gabriel",
      "Price" : 119,
      "Top Picks" : "False",
      "Weight" : "250g"
    },
    "K003" : {
      "Aroma 1" : "Jasmine",
      "Aroma 2" : "Peach",
      "Brand" : "Stockfleths",
      "BrandImageURL" : "https://scontent.fosl1-1.fna.fbcdn.net/v/t1.0-9/43033952_10160968599250437_441573593520799744_n.jpg?_nc_cat=100&_nc_ht=scontent.fosl1-1.fna&oh=4049a312db0c83f0fbdc5d42999c33b6&oe=5D462E0D",
      "Continent" : "Africa",
      "Country" : "Ethiopia",
      "Description" : "Dette partiet fra vaskestasjonen Boji er kaffebønner av meget høy kvalitet sortert ut spesielt med det i tankene. Boji betyr “kaldt vær”. Vaskestasjonen får kaffebær fra småskala kaffebønder i området.",
      "ImageURL" : "https://stockfleths.as/wp-content/uploads/2018/11/Boji-Kelloo-768x1050.jpg",
      "Name" : "Boji Kelloo",
      "Price" : 199,
      "Top Picks" : "True",
      "Weight" : "250g"
    },
    "K004" : {
      "Aroma 1" : "Chocolate",
      "Aroma 2" : "Caramel",
      "Brand" : "Stockfleths",
      "BrandImageURL" : "https://scontent.fosl1-1.fna.fbcdn.net/v/t1.0-9/43033952_10160968599250437_441573593520799744_n.jpg?_nc_cat=100&_nc_ht=scontent.fosl1-1.fna&oh=4049a312db0c83f0fbdc5d42999c33b6&oe=5D462E0D",
      "Continent" : "South America",
      "Country" : "Costa Rica",
      "Description" : ".",
      "ImageURL" : "https://stockfleths.as/wp-content/uploads/2018/12/Coope-Atenas-Costa-Rica-768x1049.jpg",
      "Name" : "Coope Atenas",
      "Price" : 119,
      "Top Picks" : "False",
      "Weight" : "250g"
    },
    "K005" : {
      "Aroma 1" : "Blackcurrant",
      "Aroma 2" : "Chocolate",
      "Brand" : "Kaffebrenneriet",
      "BrandImageURL" : "https://scontent.fosl1-1.fna.fbcdn.net/v/t31.0-8/1529708_10152069528282383_1914702969_o.jpg?_nc_cat=105&_nc_ht=scontent.fosl1-1.fna&oh=a597ee97f8964e7a73e9e2d3710ab738&oe=5D38A2A6",
      "Continent" : "South America",
      "Country" : "Brasil",
      "Description" : "Dette kaffepartiet er noe så sjeldent som en SL28 fra Brasil. Denne bønnetypen er primært dyrket i Kenya. Nå er den kultivert frem på farmen IP som en en del av et samarbeidsprosjekt kalt Santuario Sul. Prosjektet ble startet av Luiz Paulo fra Brasil, Camilo Marizalde fra Colombia og Ivan Solis fra Costa Rica. Formålet med prosjektet er å kultivere bønnetyper som ikke er vanlig i Brasil, med det brasilianske jordsmonnet.",
      "ImageURL" : "https://www.kaffebrenneriet.no/uploads/images/_image927x580/IP-SL28.jpg",
      "Name" : "Carmo De Brasil",
      "Price" : 129,
      "Top Picks" : "True",
      "Weight" : "250g"
    },
    "K006" : {
      "Aroma 1" : "Blackcurrant",
      "Aroma 2" : "Chocolate",
      "Brand" : "Kaffebrenneriet",
      "BrandImageURL" : "https://scontent.fosl1-1.fna.fbcdn.net/v/t31.0-8/1529708_10152069528282383_1914702969_o.jpg?_nc_cat=105&_nc_ht=scontent.fosl1-1.fna&oh=a597ee97f8964e7a73e9e2d3710ab738&oe=5D38A2A6",
      "Continent" : "South America",
      "Country" : "Brasil",
      "Description" : "En helt unik kaffe av den sjeldne bønnetypen Rume Sudan fra vår Direkte Handel partner på farmen IP. Dette er en del av Santuario Sul prosjektet. Prosjektet ble startet av Luiz Paulo fra Brasil, Camilo Marizalde fra Colombia og Ivan Solis fra Costa Rica. Formålet med prosjektet er å kultivere bønnetyper som ikke er vanlig i Brasil, med det brasilianske jordsmonnet.",
      "ImageURL" : "https://www.kaffebrenneriet.no/uploads/images/_image927x580/Rume-Sudan-19.jpg",
      "Name" : "Rume Sudan Anaerob",
      "Price" : 149,
      "Top Picks" : "False",
      "Weight" : "250g"
    },
    "K007" : {
      "Aroma 1" : "Berries",
      "Aroma 2" : "Chocolate",
      "Brand" : "Kaffebrenneriet",
      "BrandImageURL" : "https://scontent.fosl1-1.fna.fbcdn.net/v/t31.0-8/1529708_10152069528282383_1914702969_o.jpg?_nc_cat=105&_nc_ht=scontent.fosl1-1.fna&oh=a597ee97f8964e7a73e9e2d3710ab738&oe=5D38A2A6",
      "Continent" : "Middle East",
      "Country" : "Yemen",
      "Description" : "Vår Java Mocca er en kaffeblanding hvor mesteparten av kaffen er bærtørket. Dette gir en en søt og fruktig smak. Java Mocca er en av de mest klassiske kaffeblandingene som finnes og besto tradisjonelt av Java fra Indonesia og Mocca fra Yemen.",
      "ImageURL" : "https://www.kaffebrenneriet.no/uploads/images/_image927x580/Java_2018_ny.jpg",
      "Name" : "Java Mocca",
      "Price" : 86,
      "Top Picks" : "False",
      "Weight" : "250g"
    },
    "K008" : {
      "Aroma 1" : "Spices",
      "Aroma 2" : "Tobacco",
      "Brand" : "Kaffebrenneriet",
      "BrandImageURL" : "https://scontent.fosl1-1.fna.fbcdn.net/v/t31.0-8/1529708_10152069528282383_1914702969_o.jpg?_nc_cat=105&_nc_ht=scontent.fosl1-1.fna&oh=a597ee97f8964e7a73e9e2d3710ab738&oe=5D38A2A6",
      "Continent" : "Asia",
      "Country" : "India",
      "Description" : "Royal Malabar har en intens aroma og spennende nyanser av krydder, litt tjære og søt tobakk. Denne kaffen passer godt til espresso, presskanne og trakterkaffe. Royal Malabar ligger i jutesekker i åpne lager ved Malabarkysten. Salte vinder fra havet og regnvann fukter kaffesekkene før den varme solen som følger tørker kaffen igjen. Dette kalles monsunering, og gir helt unike smakskarakterer til kaffen.",
      "ImageURL" : "https://www.kaffebrenneriet.no/uploads/images/_image927x580/Royal_2018_ny.jpg",
      "Name" : "Royal Malabar",
      "Price" : 89,
      "Top Picks" : "False",
      "Weight" : "250g"
    },
    "K009" : {
      "Aroma 1" : "Classic",
      "Aroma 2" : "Blackburnt",
      "Brand" : "Kaffebrenneriet",
      "BrandImageURL" : "https://scontent.fosl1-1.fna.fbcdn.net/v/t31.0-8/1529708_10152069528282383_1914702969_o.jpg?_nc_cat=105&_nc_ht=scontent.fosl1-1.fna&oh=a597ee97f8964e7a73e9e2d3710ab738&oe=5D38A2A6",
      "Continent" : "Europe",
      "Country" : "France",
      "Description" : "Fransk Kontinental er fyldig og balansert med god bittersødme og avrundet syrlighet. Fransk Kontinental har en lang karamellaktig ettersmak og egner seg godt med varm melk. Fransk Kontinental er en tradisjonell kaffeblanding utviklet for å gi mye smak og samtidig egne seg til de fleste bryggemetoder. Kaffen har en stabil smaksprofil og inneholder kun spesialkaffe direkte fra farmer eller kooperativer som vi har avtaler med.",
      "ImageURL" : "https://www.kaffebrenneriet.no/uploads/images/_image927x580/Fransk_2018_ny.jpg",
      "Name" : "Fransk Continental",
      "Price" : 90,
      "Top Picks" : "False",
      "Weight" : "250g"
    },
    "K010" : {
      "Aroma 1" : "Roasted",
      "Aroma 2" : "Complex",
      "Brand" : "Starbucks",
      "BrandImageURL" : "https://scontent.fosl1-1.fna.fbcdn.net/v/t1.0-9/55680146_10157229216648057_4295515389661544448_o.png?_nc_cat=1&_nc_ht=scontent.fosl1-1.fna&oh=50a5d0d1c65241783cf27b28851dd1ad&oe=5D322ADF",
      "Continent" : "Africa",
      "Country" : "Kenya",
      "Description" : "Og stor – full av en fyldig saftighet som gjør den lett gjenkjennelig for de mange, mange tilhengerne. Den kenyanske kaffen vår har alle disse kvalitetene. Du kan kjenne igjen Kenya på de karakteristiske sitrussmakene – grapefrukt er vanligst, men noen ganger sitron og noen ganger syrlig appelsin. Det er en gnist i denne kaffen, en lys syrlighet, som gjør den så forfriskende å drikke. Faktisk er den utrolig bra som iskaffe på en varm sommerdag.",
      "ImageURL" : "http://globalassets.starbucks.com/assets/c364c1a19cb74826b675c311f8b851bc.jpg",
      "Name" : "Kenya",
      "Price" : 219,
      "Top Picks" : "False",
      "Weight" : "450g"
    },
    "K011" : {
      "Aroma 1" : "Cocoa",
      "Aroma 2" : "Spices",
      "Brand" : "Starbucks",
      "BrandImageURL" : "https://scontent.fosl1-1.fna.fbcdn.net/v/t1.0-9/55680146_10157229216648057_4295515389661544448_o.png?_nc_cat=1&_nc_ht=scontent.fosl1-1.fna&oh=50a5d0d1c65241783cf27b28851dd1ad&oe=5D322ADF",
      "Continent" : "South America",
      "Country" : "Guatemala",
      "Description" : "Disse jordbruksområdene er kjent for lidenskap og tradisjon og for å representere de beste kvalitetene i de ulike drikkene som lages. Denne frodige delen av det sørlige Guatemala ligger inneklemt mellom tre vulkaner. Den ligger høyt over havet og har mye leirjord slik at forholdene er nærmest ideelle for både kaffedyrkere og kaffeelskere. Og vi elsker uten tvil denne kaffen. Den er en elegant med en raffinert syrlighet som gjenkjennes på den ærverdige, forsiktige kryddersmaken og en mild, kakaoliknende struktur.",
      "ImageURL" : "http://globalassets.starbucks.com/assets/3ad40063c18547dab91c5c3d50ccfe0e.jpg",
      "Name" : "Guatemala Antigua",
      "Price" : 219,
      "Top Picks" : "False",
      "Weight" : "450g"
    },
    "K012" : {
      "Aroma 1" : "Herbs",
      "Aroma 2" : "Earth",
      "Brand" : "Starbucks",
      "BrandImageURL" : "https://scontent.fosl1-1.fna.fbcdn.net/v/t1.0-9/55680146_10157229216648057_4295515389661544448_o.png?_nc_cat=1&_nc_ht=scontent.fosl1-1.fna&oh=50a5d0d1c65241783cf27b28851dd1ad&oe=5D322ADF",
      "Continent" : "Asia",
      "Country" : "India",
      "Description" : "Og kanskje du synes det er interessant å vite at denne kaffen er den kaffen fra én region som vi oftest bruker hjemme, etter at vi har tatt av oss det grønne forkleet. Hvorfor er vi så glad i den? Den har en kraftig, smøraktig fylde nesten uten syrlighet, slik at kaffens intensitet og smak varer lenge på tungen. Dette er uten tvil en slurpekaffe. Når den er på sitt beste er det ikke mulig å ta feil av den konsentrerte urtesmaken og den jordpregede aromaen – denne populære kaffen har etterlatt avslørende merker både på skjorten og i hjertet vårt.",
      "ImageURL" : "http://globalassets.starbucks.com/assets/6db88e6795ef40caa65aeb8d09bd0546.jpg",
      "Name" : "Sumatra",
      "Price" : 219,
      "Top Picks" : "False",
      "Weight" : "450g"
    },
    "K013" : {
      "Aroma 1" : "Sitrous",
      "Aroma 2" : "Chocolate",
      "Brand" : "Starbucks",
      "BrandImageURL" : "https://scontent.fosl1-1.fna.fbcdn.net/v/t1.0-9/55680146_10157229216648057_4295515389661544448_o.png?_nc_cat=1&_nc_ht=scontent.fosl1-1.fna&oh=50a5d0d1c65241783cf27b28851dd1ad&oe=5D322ADF",
      "Continent" : "Africa",
      "Country" : "Ethiopia",
      "Description" : "Historien om Ethiopia Single-Origin. I de eldgamle bakkene i Africa’s Great Rift Valley, dukket de første kaffetrærne opp fra den gode, vulkanske jorden. Det var i dette niende århundret at de høytvoksende Arabicabønnene startet sin lange reise fra Ethiopia til resten av verden. I dag har de dyktigste kaffebrennerne skapt en helt ny måte å oppleve disse spesielle bønenne på. Ethiopia er en utsøkt blanding, med høy respekt for ritualet av kaffe og til heder for Ethiopias arv. Med en fløyelsmyk tekstur og fruktige og krydrete toner, er dette vår hyllest til kaffens opprinnelsessted.",
      "ImageURL" : "https://store.starbucks.no/assets/img/1024/1024/bilder_nettbutikk/90b6db7dc9c79fe38bc00ae995e2f9f0-image.jpeg",
      "Name" : "Ethiopia",
      "Price" : 219,
      "Top Picks" : "False",
      "Weight" : "450g"
    },
    "K014" : {
      "Aroma 1" : "Herbs",
      "Aroma 2" : "Complex",
      "Brand" : "Starbucks",
      "BrandImageURL" : "https://scontent.fosl1-1.fna.fbcdn.net/v/t1.0-9/55680146_10157229216648057_4295515389661544448_o.png?_nc_cat=1&_nc_ht=scontent.fosl1-1.fna&oh=50a5d0d1c65241783cf27b28851dd1ad&oe=5D322ADF",
      "Continent" : "South America",
      "Country" : "Colombia",
      "Description" : "Historien om Colombia Nariño. For oss sitter alltid hjertet av Colobiansk kaffe i fjellene av Nariño. Her gror kaffe på høyder mer enn 1900 moh., hvor de varme og tropiske dagene og de kjølige nettene lar bønnene utvikle seg langsomt. Kompleks og elegant, medium fyldighet med en fruktig syrlighet, urtetoner og en valnøttliknende finish, er dette en unik samling av smaker. Og en som kun finnes på dette spesielle stedet.",
      "ImageURL" : "https://res-2.cloudinary.com/esajee-com/s--1281WtCl--/f_auto,fl_lossy,q_auto/c_lpad,dpr_1.0,f_auto,h_700,q_auto,w_700/media/catalog/product/7/6/762111000231.png",
      "Name" : "Colombia Nariño",
      "Price" : 219,
      "Top Picks" : "False",
      "Weight" : "450g"
    },
    "K015" : {
      "Aroma 1" : "Roasted",
      "Aroma 2" : "Classic",
      "Brand" : "Starbucks",
      "BrandImageURL" : "https://scontent.fosl1-1.fna.fbcdn.net/v/t1.0-9/55680146_10157229216648057_4295515389661544448_o.png?_nc_cat=1&_nc_ht=scontent.fosl1-1.fna&oh=50a5d0d1c65241783cf27b28851dd1ad&oe=5D322ADF",
      "Continent" : "South America",
      "Country" : "Honduras",
      "Description" : "Når denne blandingen av spesielt utvalgte latinamerikanske bønner ikke brennes så lenge, kommer de delikate nyansene av myk kakao og lett ristede nøtter til sin rett. Denne kaffen er myk og full av smak og gir en herlig avslappet kopp som er perfekt når du har invitert venner. Med sin rolige og tilbakelente karakter er denne kaffen en hyllest til stille stunder på verandaen. Veranda Blend™ er oppkalt etter de rolige terrassene som setter sitt preg på byer og tettsteder i regionene der bønnene dyrkes, og er en mild og innbydende kopp som egner seg best på en solskinnsdag sammen med en god venn og ingen spesielle planer.",
      "ImageURL" : "http://globalassets.starbucks.com/assets/d153827899444178ad41d9c7f285138b.jpg",
      "Name" : "Starbucks Veranda Blend",
      "Price" : 229,
      "Top Picks" : "False",
      "Weight" : "450"
    },
    "K016" : {
      "Aroma 1" : "Balanced",
      "Aroma 2" : "Classic",
      "Brand" : "Starbucks",
      "BrandImageURL" : "https://scontent.fosl1-1.fna.fbcdn.net/v/t1.0-9/55680146_10157229216648057_4295515389661544448_o.png?_nc_cat=1&_nc_ht=scontent.fosl1-1.fna&oh=50a5d0d1c65241783cf27b28851dd1ad&oe=5D322ADF",
      "Continent" : "North America",
      "Country" : "USA",
      "Description" : "Den aller første dagen da Pike Place Market i Seattle åpnet sommeren 1907, ble alle de ferske gårdsproduktene revet bort av ivrige kunder i løpet av noen timer. Ved middagstider var det absolutt ingenting igjen i bøndenes vogner som begynte å trille ut av markedet.Da vi åpnet butikk her i 1971, visste vi at det var avgjørende for om vi skulle lykkes eller ikke at vi klarte å tilfredsstille den umettelige apetitten på ferskvarer. Naturligvis tok vi utfordringen med entusiasme og tilbød fantastisk drikke dag etter dag. Pike Place® Roast er like mye en hyllest til vår stolte historie på markedet som en oppriktig skål til de kresne kundene våre. Vi laget denne blandingen for at den skulle passe til et bredt spekter av smaker. Enten du foretrekker kaffen som den er, eller om du tilsetter fløte og sukker, lover vi deg en kraftig og velsmakende kopp som er rik på smak samtidig som den er balansert nok til å nytes hver dag.",
      "ImageURL" : "http://globalassets.starbucks.com/assets/bac391ade7e2459491cd24d4c9e5c182.jpg",
      "Name" : "Pike Place Roast",
      "Price" : 219,
      "Top Picks" : "False",
      "Weight" : "450g"
    },
    "K017" : {
      "Aroma 1" : "Cocoa",
      "Aroma 2" : "Blackburnt",
      "Brand" : "Starbucks",
      "BrandImageURL" : "https://scontent.fosl1-1.fna.fbcdn.net/v/t1.0-9/55680146_10157229216648057_4295515389661544448_o.png?_nc_cat=1&_nc_ht=scontent.fosl1-1.fna&oh=50a5d0d1c65241783cf27b28851dd1ad&oe=5D322ADF",
      "Continent" : "Europe",
      "Country" : "Italy",
      "Description" : "Caffè Verona® er en forførende blanding av bønner fra Latin-Amerika og Indonesia, med en anelse Italian Roast som gir dybde, sjel og sødme. Fordi denne lekre kombinasjonen går så godt sammen med sjokolade har den blitt en favoritt til valentinsdagen – og kaffen vi forbinder mest med romantikk. Bella, Bella! ",
      "ImageURL" : "http://globalassets.starbucks.com/assets/cc47c15fc8224667ae6e6da0bfb404f7.jpg",
      "Name" : "Caffè Verona",
      "Price" : 219,
      "Top Picks" : "False",
      "Weight" : "450g"
    },
    "K018" : {
      "Aroma 1" : "Caramel",
      "Aroma 2" : "Chocolate",
      "Brand" : "Coffee Of The World",
      "BrandImageURL" : "https://scontent.fosl1-1.fna.fbcdn.net/v/t1.0-9/46368182_2240134272672439_8084283595411161088_n.jpg?_nc_cat=108&_nc_ht=scontent.fosl1-1.fna&oh=56d8ee39239586a07114427ed6c9a8fb&oe=5D34A7E3",
      "Continent" : "South America",
      "Country" : "Peru",
      "Description" : "Ved Andesfjellene nordvest i Peru ligger regionen Cajamarca. Her dyrkes mye av landets beste kaffe. God kaffe fra Cajamarca er ofte søt og saftig, med spennende smaksprofiler fra sjokolade til toner av røde bær. Med frodig landskap, praktfulle fjell, et rikt planteliv og mineralsk jord er forholdene for kaffeproduksjon i Peru svært gode. Til tross for dette var det ikke før mot slutten av 1800-tallet at kaffen ble tilgjengelig på det europeiske markedet. Før dette ble all kaffen konsumert i Peru.",
      "ImageURL" : "https://coffeeoftheworld.no/wp-content/uploads/2018/05/Cajamarca_01-Custom-1-1.jpg",
      "Name" : "Cajamarca Peru",
      "Price" : 80,
      "Top Picks" : "False",
      "Weight" : "200g"
    },
    "K019" : {
      "Aroma 1" : "Apricot",
      "Aroma 2" : "Peach",
      "Brand" : "Coffee Of The World",
      "BrandImageURL" : "https://scontent.fosl1-1.fna.fbcdn.net/v/t1.0-9/46368182_2240134272672439_8084283595411161088_n.jpg?_nc_cat=108&_nc_ht=scontent.fosl1-1.fna&oh=56d8ee39239586a07114427ed6c9a8fb&oe=5D34A7E3",
      "Continent" : "South America",
      "Country" : "Costa Rica",
      "Description" : "Costa Rica har en tradisjon for honeyprosessert kaffe, som tilsvarer en delvis  bærtørket kaffe. Her sitter mer fruktkjøtt fra kaffebæret igjen rundt bønnen enn hva som er vanlig før tørking. Det gir bønnene en klissete overflate og gylden farge når de er tørket, derav navnet. Honey-prosessering deles inn i flere farger etter hvor mye fruktkjøtt som sitter igjen og hvilken farge det likner når det tørker, der hvit har minst fruktkjøtt og er lysest i fargen. Central Valley er i tillegg til å være en viktig kafferegion, det geografiske og kulturelle senteret i Costa Rica. Med rik vulkansk jord, tydelige regnsesonger og frodig fjellandskap gir det god grobunn for kvalitetskaffe. Landet er et høyteknologisk kaffeland med små og veldrevne familiegårder.",
      "ImageURL" : "https://coffeeoftheworld.no/wp-content/uploads/2018/05/Costa-rica_01-Custom-1.jpg",
      "Name" : "Central Valley Costa Rica",
      "Price" : 99,
      "Top Picks" : "False",
      "Weight" : "200g"
    },
    "K020" : {
      "Aroma 1" : "Chocolate",
      "Aroma 2" : "Vanilla",
      "Brand" : "Coffee Of The World",
      "BrandImageURL" : "https://scontent.fosl1-1.fna.fbcdn.net/v/t1.0-9/46368182_2240134272672439_8084283595411161088_n.jpg?_nc_cat=108&_nc_ht=scontent.fosl1-1.fna&oh=56d8ee39239586a07114427ed6c9a8fb&oe=5D34A7E3",
      "Continent" : "South America",
      "Country" : "Guatemala",
      "Description" : "Antigua-regionen er kjent for sitt klima som sammenliknet med andre kaffedistrikter i Guatemala har en litt kaldere, jevnere temperatur og mindre fuktighet. Antigua Guatemala er dyrket i et fruktbart område for plante- og dyreliv, hvor det vulkanske jordsmonnet fra vulkanene i nærområdet gir kaffeplantene en unik utvikling og karakter. Antigua er en by i Guatemalas sentrale fjellområde, kjent for sine godt bevarte bygninger i spansk barokkstil. Byen, som i dag er en verdensarv, er i tillegg kjent for å lage kaffe som er blant den beste i verden.",
      "ImageURL" : "https://coffeeoftheworld.no/wp-content/uploads/2016/07/Antigua-guatemala_02-min.jpg",
      "Name" : "Antigua Guatemala",
      "Price" : 89,
      "Top Picks" : "False",
      "Weight" : "200g"
    },
    "K021" : {
      "Aroma 1" : "Bergamot",
      "Aroma 2" : "Sitrous",
      "Brand" : "Coffee Of The World",
      "BrandImageURL" : "https://scontent.fosl1-1.fna.fbcdn.net/v/t1.0-9/46368182_2240134272672439_8084283595411161088_n.jpg?_nc_cat=108&_nc_ht=scontent.fosl1-1.fna&oh=56d8ee39239586a07114427ed6c9a8fb&oe=5D34A7E3",
      "Continent" : "Africa",
      "Country" : "Etiopia",
      "Description" : "Yirgacheffe er et fjellrikt høyland i Sidamo, med et klima og jordsmonn som gir fantastiske forhold for dyrking av god kaffe. Området er spesielt kjent for sin høye kvalitet og unike aroma. I Etiopia, nærmere bestemt regionen Kaffa, ble kaffetreet oppdaget. Derfra gikk kaffen via handelsveiene til Yemen og videre ut i resten av verden. I Etiopia finnes det fortsatt viltvoksende Arabicaplanter. Kaffe er en stor del av etiopieres hverdag og kaffeseremonier er en viktig del av den etiopiske kulturen.",
      "ImageURL" : "https://coffeeoftheworld.no/wp-content/uploads/2015/03/Etiopia_02-min.jpg",
      "Name" : "Yirgacheffe Etiopia",
      "Price" : 89,
      "Top Picks" : "False",
      "Weight" : "200g"
    },
    "K022" : {
      "Aroma 1" : "Orange",
      "Aroma 2" : "Chocolate",
      "Brand" : "Coffee Of The World",
      "BrandImageURL" : "https://scontent.fosl1-1.fna.fbcdn.net/v/t1.0-9/46368182_2240134272672439_8084283595411161088_n.jpg?_nc_cat=108&_nc_ht=scontent.fosl1-1.fna&oh=56d8ee39239586a07114427ed6c9a8fb&oe=5D34A7E3",
      "Continent" : "Africa",
      "Country" : "Rwanda",
      "Description" : "Inzovu Rwanda består av kaffebønner som dyrkes av småskalabønder som leverer kaffen til ulike vaskestasjoner i det lille landet. Forutsetningene for kaffedyrking er ekstremt gode, spesielt på grunn av næringsrik vulkanholdig jord, høytliggende kaffeplantasjer og utmerkede klimatiske forhold. Rwanda har gjennom målrettet statlig satsing på kaffe fått stor internasjonal anerkjennelse som en av verdens beste kaffeleverandører. Etter folkemordet i 1994 ble landet vanskelig tilgjengelig for kjøp og salg av kaffe, men nå har kaffe på nytt blitt en viktig eksportvare for landet, bidratt til en positiv utvikling og skapt mange nye arbeidsplasser.",
      "ImageURL" : "https://coffeeoftheworld.no/wp-content/uploads/2015/03/Rwanda_02-min.jpg",
      "Name" : "Rwanda",
      "Price" : 89,
      "Top Picks" : "False",
      "Weight" : "200g"
    },
    "K023" : {
      "Aroma 1" : "Chocolate",
      "Aroma 2" : "Nuts",
      "Brand" : "Coffee Of The World",
      "BrandImageURL" : "https://scontent.fosl1-1.fna.fbcdn.net/v/t1.0-9/46368182_2240134272672439_8084283595411161088_n.jpg?_nc_cat=108&_nc_ht=scontent.fosl1-1.fna&oh=56d8ee39239586a07114427ed6c9a8fb&oe=5D34A7E3",
      "Continent" : "South America",
      "Country" : "Brazil",
      "Description" : "Når man finner én bønne i et kaffebær, som normalt sett har to, kalles det en peaberry, eller en “perlebønne”. Peaberry er rundere og mindre enn andre kaffebønner. Perlebønnene i denne blandingen er fra Alta Mogiana i staten Sao Paulo, en kjent kafferegion som byr på høykvalitetskaffe. Klimaet i regionen byr på mye varmt solskinn og det er vanlig med bærtørket kaffe. Brasil er den største kaffeprodusenten i verden som med stor variasjon i klima og landskap har en enorm produksjon av kaffe.",
      "ImageURL" : "https://coffeeoftheworld.no/wp-content/uploads/2015/03/COTW_700g_brazilian_02.jpg",
      "Name" : "Brazilian Pea Blend",
      "Price" : 70,
      "Top Picks" : "False",
      "Weight" : "120g"
    },
    "K024" : {
      "Aroma 1" : "Cocoa",
      "Aroma 2" : "Tobacco",
      "Brand" : "Coffee Of The World",
      "BrandImageURL" : "https://scontent.fosl1-1.fna.fbcdn.net/v/t1.0-9/46368182_2240134272672439_8084283595411161088_n.jpg?_nc_cat=108&_nc_ht=scontent.fosl1-1.fna&oh=56d8ee39239586a07114427ed6c9a8fb&oe=5D34A7E3",
      "Continent" : "Asia",
      "Country" : "India",
      "Description" : "Historien om Baba Budan er fra et gammelt sagn om en pilgrim som på reisen til Mekka oppdaget et kaffetre i Jemen, tidlig på 1600-tallet. Han plukket syv bønner fra treet og smuglet med seg de rå kaffebønnene over grensen til India hvor han plantet dem i Chikmagalur. Chikmagalur er en av de største kafferegionene i Karnataka sør i India. Det er et svært mineral- og næringsrikt område, takket være bekker og elver som renner ned langs fjellsidene rundt Kemmannugundi. Området har en spennende fauna med fugler, flyvende ekorn, villsvin og leoparder.",
      "ImageURL" : "https://coffeeoftheworld.no/wp-content/uploads/2015/03/BabaBudan_02-min.jpg",
      "Name" : "Baba Budan",
      "Price" : 89,
      "Top Picks" : "False",
      "Weight" : "200g"
    },
    "K025" : {
      "Aroma 1" : "Tobacco",
      "Aroma 2" : "Peach",
      "Brand" : "Coffee Of The World",
      "BrandImageURL" : "https://scontent.fosl1-1.fna.fbcdn.net/v/t1.0-9/46368182_2240134272672439_8084283595411161088_n.jpg?_nc_cat=108&_nc_ht=scontent.fosl1-1.fna&oh=56d8ee39239586a07114427ed6c9a8fb&oe=5D34A7E3",
      "Continent" : "Oceania",
      "Country" : "New-Guinea",
      "Description" : "Western Highlands er en av hovedregionene for kaffe i Papua Ny-Guinea. Kaffen dyrkes ofte under skyggetrær, som fungerer som ly for solen og begrenser tørke. Noen av de mest interessante kaffebønnene dyrkes på små kaffeplantasjer, såkalte «coffee gardens». Papua Ny-Guinea er et land kledd med regnskog, fjell og vulkaner. Landet er et av verdens minst urbaniserte og det finnes flere tusen stammekulturer. Kaffe er et viktig næringsgrunnlag for mange av lokalsamfunnene i Papua Ny-Guinea og en viktig eksportvare for landet, som produserer kaffe med ulik smakskarakter og spennende nyanser.",
      "ImageURL" : "https://coffeeoftheworld.no/wp-content/uploads/2015/03/Papua-ny-guinea_02-min.jpg",
      "Name" : "Western Highlands",
      "Price" : 99,
      "Top Picks" : "False",
      "Weight" : "230g"
    },
    "K026" : {
      "Aroma 1" : "Sitrous",
      "Aroma 2" : "Complex",
      "Brand" : "Jacobs Utvalgte",
      "BrandImageURL" : "https://scontent.fosl1-1.fna.fbcdn.net/v/t1.0-9/11076231_1083079978375897_8557491765351824300_n.jpg?_nc_cat=103&_nc_ht=scontent.fosl1-1.fna&oh=3521c1416379934ad7d8d360bd013e1e&oe=5D069845",
      "Continent" : "South America",
      "Country" : "Guatemala",
      "Description" : "Jacobs Utvagte er en serie produkter valgt ut på grunn av sin overlegne kvalitet. Varene er grundig vurdert, og både historie, smak og håndverk har stått i fokus. Jackobs Utvalgte Guatemala Hue Huetenango SHB, har god fylde og en fin søtlig fruktighet. Ettersmaken vil være preget av en lett syrlighet med innslag av toner fra sommerblomst.",
      "ImageURL" : "https://sw26731.smartweb-static.com/upload_dir/shop/guatemala.w1220.h1220.fill.jpg",
      "Name" : "Guatemala Coffee",
      "Price" : 39,
      "Top Picks" : "False",
      "Weight" : "200g"
    },
    "K027" : {
      "Aroma 1" : "Blackcurrant",
      "Aroma 2" : "Classic",
      "Brand" : "Jacobs Utvalgte",
      "BrandImageURL" : "https://scontent.fosl1-1.fna.fbcdn.net/v/t1.0-9/11076231_1083079978375897_8557491765351824300_n.jpg?_nc_cat=103&_nc_ht=scontent.fosl1-1.fna&oh=3521c1416379934ad7d8d360bd013e1e&oe=5D069845",
      "Continent" : "South America",
      "Country" : "Colombia",
      "Description" : "Jacobs Utvalgte Tropisk Aroma er en blanding av Colombia Excelso og Kenya AB Top. Dette gir Tropisk Aroma en fyldig, rund og aromatisk smak. Den vil ha en søtlig rund syrlighet som kjennetegnes av solbær, samt hint av bringebær. Ettersmaken vil være preget av en rund og god balanse mellom lette toner av mørk sjokolade og aprikos. En kaffe som er sertifisert av Rainforest Alliance. Vi samarbeider med Miljøfyrtårn og Grønt Punkt Norge for å tilby norske forbrukere miljøvennlig kaffe.",
      "ImageURL" : "https://sw26731.smartweb-static.com/upload_dir/shop/tropisk.w610.h610.fill.jpg",
      "Name" : "Tropical Aroma",
      "Price" : 88,
      "Top Picks" : "False",
      "Weight" : "500g"
    },
    "K028" : {
      "Aroma 1" : "Peach",
      "Aroma 2" : "Rasberry",
      "Brand" : "Jacobs Utvalgte",
      "BrandImageURL" : "https://scontent.fosl1-1.fna.fbcdn.net/v/t1.0-9/11076231_1083079978375897_8557491765351824300_n.jpg?_nc_cat=103&_nc_ht=scontent.fosl1-1.fna&oh=3521c1416379934ad7d8d360bd013e1e&oe=5D069845",
      "Continent" : "South America",
      "Country" : "Colombia",
      "Description" : "Jacobs utvalgte Excelso Colombia er en kraftig kaffe med god fylde og aroma, og med en balansert, fin fruktighet med innslag av fersken og bringebær. På ca. 1500 m høyde, i de solrike fjellskråningene i Colombia, vokser de spesielle Arabica-bønnene Excelso. Her håndplukkes bønnene og vaskes i friskt vann før de soltørkes. Excelso Colombia passer ekstra godt etter en god middag. Vi samarbeider med Miljøfyrtårn og Grønt Punkt Norge for å tilby norske forbrukere miljøvennlig kaffe.",
      "ImageURL" : "https://res.cloudinary.com/norgesgruppen/image/upload/c_pad,b_white,f_auto,h_2400,q_50,w_2400/v1556324033/Product/7040913335229.jpg",
      "Name" : "Excelso Colombia",
      "Price" : 105,
      "Top Picks" : "False",
      "Weight" : "500g"
    },
    "K029" : {
      "Aroma 1" : "Classic",
      "Aroma 2" : "Sitrous",
      "Brand" : "Jacobs Utvalgte",
      "BrandImageURL" : "https://scontent.fosl1-1.fna.fbcdn.net/v/t1.0-9/11076231_1083079978375897_8557491765351824300_n.jpg?_nc_cat=103&_nc_ht=scontent.fosl1-1.fna&oh=3521c1416379934ad7d8d360bd013e1e&oe=5D069845",
      "Continent" : "Asia",
      "Country" : "Indonesia",
      "Description" : "Jacobs Utvalgte Blå Java er en kaffe med rik og kraftig kaffesmak fra den sydligste av de store øyene som tilhører Indonesia. Navnet Blå Java kommer av fargen på rå-kaffebønnene som er mørk grønn med et skjær av blått. I mer enn 300 år har Blå Java–betegnelsen vært ensbetydende med en eksklusiv kvalitet til høy pris. Blå Java passer ekstra godt til en god dessert. UTZ-sertifisert. Vi samarbeider med Miljøfyrtårn og Grønt Punkt Norge for å tilby norske forbrukere miljøvennlig kaffe. ",
      "ImageURL" : "https://sw26731.smartweb-static.com/upload_dir/shop/Skjermbe.w610.h610.fill.png",
      "Name" : "Blue Java",
      "Price" : 116,
      "Top Picks" : "False",
      "Weight" : "500g"
    },
    "K030" : {
      "Aroma 1" : "Apricot",
      "Aroma 2" : "Chocolate",
      "Brand" : "Jacobs Utvalgte",
      "BrandImageURL" : "https://scontent.fosl1-1.fna.fbcdn.net/v/t1.0-9/11076231_1083079978375897_8557491765351824300_n.jpg?_nc_cat=103&_nc_ht=scontent.fosl1-1.fna&oh=3521c1416379934ad7d8d360bd013e1e&oe=5D069845",
      "Continent" : "Europe",
      "Country" : "Italy",
      "Description" : "Jacob’sutvalgte Espresso Italian Style er en espressoblanding hvor det kun er brukt høytvoksende Arabica-bønner av beste kvalitet. Smaken er kraftig, men samtidig rund og fyldig med et tydelig preg av mørk sjokolade og aprikos, kaffen har en rik ettersmak av røk og lær. Vi samarbeider med Miljøfyrtårn og Grønt Punkt Norge for å tilby norske forbrukere miljøvennlig kaffe.",
      "ImageURL" : "https://sw26731.smartweb-static.com/upload_dir/shop/32680473.w293.h293.fill.jpg",
      "Name" : "Italian Style",
      "Price" : 118,
      "Top Picks" : "False",
      "Weight" : "500g"
    }
  }
}
